<?xml version="1.0" encoding="utf-8" ?><dwsync><file name="socials.png" server="31.170.167.211" local="3474346068" remote="3507810960" Dst="-1" /><file name="man-one.jpg" server="31.170.167.211" local="3474346518" remote="3507810960" Dst="-1" /><file name="blog-one.jpg" server="31.170.167.211" local="3474342362" remote="3507810960" Dst="-1" /><file name="man-two.jpg" server="31.170.167.211" local="3474351406" remote="3507810960" Dst="-1" /><file name="man-three.jpg" server="31.170.167.211" local="3474351534" remote="3507810960" Dst="-1" /><file name="man-four.jpg" server="31.170.167.211" local="3474351494" remote="3507810960" Dst="-1" /><file name="blog-two.jpg" server="31.170.167.211" local="3474342278" remote="3507810960" Dst="-1" /><file name="blog-three.jpg" server="31.170.167.211" local="3474342196" remote="3507810960" Dst="-1" /><file name=".DS_Store" server="31.170.167.211" local="3507807533" remote="3507810960" Dst="-1" /></dwsync>