<?xml version="1.0" encoding="utf-8" ?><dwsync><file name="bootstrap.min.css" server="31.170.167.211" local="3472696870" remote="3507810960" Dst="-1" /><file name="font-awesome.min.css" server="31.170.167.211" local="3472696870" remote="3507810960" Dst="-1" /><file name="animate.css" server="31.170.167.211" local="3477783650" remote="3507810960" Dst="-1" /><file name="prettyPhoto.css" server="31.170.167.211" local="3472696870" remote="3507810960" Dst="-1" /><file name="price-range.css" server="31.170.167.211" local="3473931588" remote="3507810960" Dst="-1" /><file name="main.css" server="31.170.167.211" local="3507808119" remote="3507810960" Dst="-1" /><file name="responsive.css" server="31.170.167.211" local="3482226332" remote="3507810960" Dst="-1" /><file name=".DS_Store" server="31.170.167.211" local="3507807686" remote="3507810960" Dst="-1" /></dwsync>