<?xml version="1.0" encoding="utf-8" ?><dwsync><file name="price-range.js" server="31.170.167.211" local="3473931092" remote="3507811020" Dst="-1" /><file name="jquery.scrollUp.min.js" server="31.170.167.211" local="3482283262" remote="3507811020" Dst="-1" /><file name="jquery.js" server="31.170.167.211" local="3472696870" remote="3507811020" Dst="-1" /><file name="bootstrap.min.js" server="31.170.167.211" local="3472696870" remote="3507810960" Dst="-1" /><file name="jquery.prettyPhoto.js" server="31.170.167.211" local="3472696870" remote="3507811020" Dst="-1" /><file name="main.js" server="31.170.167.211" local="3482724845" remote="3507811020" Dst="-1" /><file name="gmaps.js" server="31.170.167.211" local="3474313298" remote="3507811020" Dst="-1" /><file name="contact.js" server="31.170.167.211" local="3482725437" remote="3507810960" Dst="-1" /><file name="html5shiv.js" server="31.170.167.211" local="3472696870" remote="3507811020" Dst="-1" /></dwsync>