<?xml version="1.0" encoding="utf-8" ?><dwsync><file name=".DS_Store" server="31.170.167.211" local="3507807533" remote="3507810960" Dst="-1" /><file name="new.jpg" server="31.170.167.211" local="3474119110" remote="3507810960" Dst="-1" /><file name="1.jpg" server="31.170.167.211" local="3474132752" remote="3507810960" Dst="-1" /><file name="rating.png" server="31.170.167.211" local="3474120464" remote="3507810960" Dst="-1" /><file name="share.png" server="31.170.167.211" local="3474121764" remote="3507810960" Dst="-1" /><file name="similar1.jpg" server="31.170.167.211" local="3474119018" remote="3507810960" Dst="-1" /><file name="similar2.jpg" server="31.170.167.211" local="3474119038" remote="3507810960" Dst="-1" /><file name="similar3.jpg" server="31.170.167.211" local="3474119060" remote="3507810960" Dst="-1" /></dwsync>